{
  "project_info": {
    "project_number": "550423532007",
    "firebase_url": "https://giftbucket-4308a.firebaseio.com",
    "project_id": "giftbucket-4308a",
    "storage_bucket": "giftbucket-4308a.appspot.com"
  },
  "client": [
    {
      "client_info": {
        "mobilesdk_app_id": "1:550423532007:android:97451a686ca7e9b2e86d42",
        "android_client_info": {
          "package_name": "com.example.admin"
        }
      },
      "oauth_client": [
        {
          "client_id": "550423532007-0qghh6kc227lgrms51t6hugq4b0076at.apps.googleusercontent.com",
          "client_type": 1,
          "android_info": {
            "package_name": "com.example.admin",
            "certificate_hash": "e3e26997311abcaedcc27d850e47088e6ac815f5"
          }
        },
        {
          "client_id": "550423532007-k0008a2d7m9pcctvcjrq6qrd4n76gms0.apps.googleusercontent.com",
          "client_type": 3
        }
      ],
      "api_key": [
        {
          "current_key": "AIzaSyD4uMVIAQ3yvK5QUZUbkFy4oVHEQ34l3WA"
        }
      ],
      "services": {
        "appinvite_service": {
          "other_platform_oauth_client": [
            {
              "client_id": "550423532007-k0008a2d7m9pcctvcjrq6qrd4n76gms0.apps.googleusercontent.com",
              "client_type": 3
            }
          ]
        }
      }
    }
  ],
  "configuration_version": "1"
}